{"cameraMode":{"drawMode":0,"name":"Shaded","section":"Shading Mode"},"sceneLighting":false,"audioPlay":false,"sceneViewState":{"showFog":true,"showMaterialUpdate":false,"showSkybox":true,"showFlares":true,"showImageEffects":true,"showParticleSystems":true},"in2DMode":false,"pivot":{"x":0.00005694478750228882,"y":2.2351741790771486e-8,"z":0.7639930248260498},"rotation":{"x":-0.06906861066818237,"y":0.7952062487602234,"z":-0.09226483851671219,"w":-0.5952847003936768},"size":1.2680201530456544,"orthographic":false}